{
  "trial_number": 1,
  "score": 0.440268,
  "train_acc": 0.6684,
  "test_acc": 0.7816,
  "gap": 0.1133,
  "tuned_params": {
    "num_attn_heads": 2,
    "player_embed_mult": 5,
    "team_repr_dim": 112,
    "matchup_dim": 160,
    "hidden_dim": 192,
    "num_trunk_layers": 5,
    "dropout": 0.3462072844310212,
    "weight_decay": 1.4853153980421619e-05,
    "label_smoothing": 0.12150897038028768,
    "learning_rate": 0.0001096524277832185,
    "batch_size": 256,
    "warmup_steps": 200,
    "loss_w_win": 0.5637147078172364,
    "loss_w_margin": 1.0421378884426276,
    "loss_w_total": 0.38011437030470097
  },
  "full_config": {
    "player_embed_dim": 10,
    "num_attn_heads": 2,
    "team_repr_dim": 112,
    "matchup_dim": 160,
    "hidden_dim": 192,
    "num_trunk_layers": 5,
    "dropout": 0.3462072844310212,
    "weight_decay": 1.4853153980421619e-05,
    "label_smoothing": 0.12150897038028768,
    "learning_rate": 0.0001096524277832185,
    "batch_size": 256,
    "warmup_steps": 200,
    "loss_w_win": 0.5637147078172364,
    "loss_w_margin": 1.0421378884426276,
    "loss_w_total": 0.38011437030470097,
    "player_alpha_short": 0.25,
    "player_alpha_long": 0.06,
    "team_alpha_short": 0.15,
    "team_alpha_long": 0.04,
    "elo_k": 20.0,
    "elo_home_adv": 100.0,
    "sample_weight_year": 2010,
    "sample_weight_slope": 0.08,
    "train_split": 0.85,
    "max_epochs": 15,
    "early_stop_patience": 5
  },
  "search_args": {
    "trials": 30,
    "ensemble_size": 1,
    "max_epochs": 15,
    "sampler": "tpe",
    "tune_features": false,
    "tune_split": false
  }
}